{
    // this is my camera intrnsics
    // replace it by your data loaded from "load_intrnsics.py"
    "PW_313": {
        "K":[
            [652.03580494, 0, 303.03316234],
            [0, 652.02131215, 252.42802933],
            [0, 0, 1]
        ],
        "distortion": [[0.03453374, 0.1249358,   0.00275529, -0.00287436, -0.48454825]] 
    },
    "HD-3000": {
        "K": [
            [666.08838576, 0, 344.40586717],
            [0, 666.15110529, 240.34339223],
            [0, 0, 1]],
        "distortion": [[0.16866287, -1.23660537, -0.00561265,  0.00262508,  2.30747331]]
    }
}